Wall time,Step,Value
1510753708.601868,0,1.1992792678938713e-05
1510754247.4117935,284,0.060178183019161224
1510754846.501604,580,0.47727733850479126
1510755446.0477176,876,0.44194531440734863
1510756045.900696,1172,0.5696886777877808
1510756644.559092,1469,0.43916645646095276
1510757243.0103304,1765,0.6037700772285461
1510757840.3415127,2063,0.5945424437522888
