Wall time,Step,Value
1511308533.7090623,0,3.494317724062057e-08
1511309124.924541,184,0.045809730887413025
1511309746.2813165,375,0.06925522536039352
1511310338.3974776,567,0.058727893978357315
1511310929.385199,759,0.04183290898799896
1511311520.9568484,952,0.06197333335876465
1511312110.4236977,1144,0.04304476082324982
