Wall time,Step,Value
1510790071.5330546,0,0.0
1510792844.1581945,1653,0.5250657796859741
1510794211.8651974,1984,0.5386300086975098
