Wall time,Step,Value
1510695909.877491,0,2.664469684532378e-05
1510696508.480414,150,0.3275618255138397
1510697108.5363805,343,0.3109111785888672
1510697708.5486116,535,0.3391954302787781
1510698308.7530088,727,0.29827916622161865
