Wall time,Step,Value
1510711065.1562386,0,2.0217651126586134e-06
1510711630.7377708,587,0.523819625377655
1510712257.2585902,1184,0.5343437194824219
