Wall time,Step,Value
1510706416.4354703,0,8.61071930557955e-06
1510706983.0589495,580,0.4832809865474701
1510707580.5071228,1172,0.5284706950187683
