Wall time,Step,Value
1510708862.0069666,0,5.293208232615143e-06
1510709428.3708792,585,0.19509373605251312
1510710055.3446856,1180,0.44494208693504333
