Wall time,Step,Value
1511304296.509659,0,0.0
1511304890.2374976,182,0.1460665613412857
1511305512.9059289,374,0.20344670116901398
1511306104.4373198,567,0.20473070442676544
1511306696.308545,760,0.2273440659046173
1511307289.1490958,953,0.2045440524816513
1511307910.8336222,1052,0.2419997751712799
